Position,Constructor,Points,Season,Era,Engine,IsChampion,NormalizedPoints
1,Vanwall,48.0,1958,1958-1970,Vanwall,1,100.0
2,Ferrari,40.0,1958,1958-1970,Ferrari,0,83.33333333333334
3,Cooper Climax,31.0,1958,1958-1970,Climax,0,64.58333333333334
4,BRM,18.0,1958,1958-1970,BRM,0,37.5
5,Maserati,6.0,1958,1958-1970,Maserati,0,12.5
6,Lotus Climax,3.0,1958,1958-1970,Climax,0,6.25
1,Cooper Climax,40.0,1959,1958-1970,Climax,1,100.0
2,Ferrari,32.0,1959,1958-1970,Ferrari,0,80.0
3,BRM,18.0,1959,1958-1970,BRM,0,45.0
4,Lotus Climax,5.0,1959,1958-1970,Climax,0,12.5
1,Cooper Climax,48.0,1960,1958-1970,Climax,1,100.0
2,Lotus Climax,34.0,1960,1958-1970,Climax,0,70.83333333333334
3,Ferrari,26.0,1960,1958-1970,Ferrari,0,54.166666666666664
4,BRM,8.0,1960,1958-1970,BRM,0,16.666666666666664
5,Cooper Maserati,3.0,1960,1958-1970,Maserati,0,6.25
6,Cooper Castellotti,3.0,1960,1958-1970,Castellotti,0,6.25
1,Ferrari,40.0,1961,1958-1970,Ferrari,1,100.0
2,Lotus Climax,32.0,1961,1958-1970,Climax,0,80.0
3,Porsche,22.0,1961,1958-1970,Porsche,0,55.00000000000001
4,Cooper Climax,14.0,1961,1958-1970,Climax,0,35.0
5,BRM Climax,7.0,1961,1958-1970,Climax,0,17.5
1,BRM,42.0,1962,1958-1970,BRM,1,100.0
2,Lotus Climax,36.0,1962,1958-1970,Climax,0,85.71428571428571
3,Cooper Climax,29.0,1962,1958-1970,Climax,0,69.04761904761905
4,Lola Climax,19.0,1962,1958-1970,Climax,0,45.23809523809524
5,Porsche,18.0,1962,1958-1970,Porsche,0,42.857142857142854
6,Ferrari,18.0,1962,1958-1970,Ferrari,0,42.857142857142854
7,Brabham Climax,6.0,1962,1958-1970,Climax,0,14.285714285714285
8,Lotus BRM,1.0,1962,1958-1970,BRM,0,2.380952380952381
1,Lotus Climax,54.0,1963,1958-1970,Climax,1,100.0
2,BRM,36.0,1963,1958-1970,BRM,0,66.66666666666666
3,Brabham Climax,28.0,1963,1958-1970,Climax,0,51.85185185185185
4,Ferrari,26.0,1963,1958-1970,Ferrari,0,48.148148148148145
5,Cooper Climax,25.0,1963,1958-1970,Climax,0,46.2962962962963
6,BRP BRM,6.0,1963,1958-1970,BRM,0,11.11111111111111
7,Porsche,5.0,1963,1958-1970,Porsche,0,9.25925925925926
8,Lotus BRM,4.0,1963,1958-1970,BRM,0,7.4074074074074066
1,Ferrari,45.0,1964,1958-1970,Ferrari,1,100.0
2,BRM,42.0,1964,1958-1970,BRM,0,93.33333333333333
3,Lotus Climax,37.0,1964,1958-1970,Climax,0,82.22222222222221
4,Brabham Climax,30.0,1964,1958-1970,Climax,0,66.66666666666666
5,Cooper Climax,16.0,1964,1958-1970,Climax,0,35.55555555555556
6,Brabham BRM,7.0,1964,1958-1970,BRM,0,15.555555555555555
7,BRP BRM,5.0,1964,1958-1970,BRM,0,11.11111111111111
8,Lotus BRM,3.0,1964,1958-1970,BRM,0,6.666666666666667
1,Lotus Climax,54.0,1965,1958-1970,Climax,1,100.0
2,BRM,45.0,1965,1958-1970,BRM,0,83.33333333333334
3,Brabham Climax,27.0,1965,1958-1970,Climax,0,50.0
4,Ferrari,26.0,1965,1958-1970,Ferrari,0,48.148148148148145
5,Cooper Climax,14.0,1965,1958-1970,Climax,0,25.925925925925924
6,Honda,11.0,1965,1958-1970,Honda,0,20.37037037037037
7,Brabham BRM,5.0,1965,1958-1970,BRM,0,9.25925925925926
8,Lotus BRM,2.0,1965,1958-1970,BRM,0,3.7037037037037033
1,Brabham Repco,42.0,1966,1958-1970,Repco,1,100.0
2,Ferrari,31.0,1966,1958-1970,Ferrari,0,73.80952380952381
3,Cooper Maserati,30.0,1966,1958-1970,Maserati,0,71.42857142857143
4,BRM,22.0,1966,1958-1970,BRM,0,52.38095238095239
5,Lotus BRM,13.0,1966,1958-1970,BRM,0,30.952380952380953
6,Lotus Climax,8.0,1966,1958-1970,Climax,0,19.047619047619047
7,Eagle Climax,4.0,1966,1958-1970,Climax,0,9.523809523809524
8,Honda,3.0,1966,1958-1970,Honda,0,7.142857142857142
9,McLaren Ford,2.0,1966,1958-1970,Ford,0,4.761904761904762
10,Brabham BRM,1.0,1966,1958-1970,BRM,0,2.380952380952381
11,McLaren Serenissima,1.0,1966,1958-1970,Serenissima,0,2.380952380952381
12,Brabham Climax,1.0,1966,1958-1970,Climax,0,2.380952380952381
1,Brabham Repco,63.0,1967,1958-1970,Repco,1,100.0
2,Lotus Ford,44.0,1967,1958-1970,Ford,0,69.84126984126983
3,Cooper Maserati,28.0,1967,1958-1970,Maserati,0,44.44444444444444
4,Honda,20.0,1967,1958-1970,Honda,0,31.746031746031743
5,Ferrari,20.0,1967,1958-1970,Ferrari,0,31.746031746031743
6,BRM,17.0,1967,1958-1970,BRM,0,26.984126984126984
7,Eagle Weslake,13.0,1967,1958-1970,Weslake,0,20.634920634920633
8,Cooper Climax,6.0,1967,1958-1970,Climax,0,9.523809523809524
9,Lotus BRM,6.0,1967,1958-1970,BRM,0,9.523809523809524
10,McLaren BRM,3.0,1967,1958-1970,BRM,0,4.761904761904762
11,Brabham Climax,2.0,1967,1958-1970,Climax,0,3.1746031746031744
1,Lotus Ford,62.0,1968,1958-1970,Ford,1,100.0
2,McLaren Ford,49.0,1968,1958-1970,Ford,0,79.03225806451613
3,Matra Ford,45.0,1968,1958-1970,Ford,0,72.58064516129032
4,Ferrari,32.0,1968,1958-1970,Ferrari,0,51.61290322580645
5,BRM,28.0,1968,1958-1970,BRM,0,45.16129032258064
6,Honda,14.0,1968,1958-1970,Honda,0,22.58064516129032
7,Cooper BRM,14.0,1968,1958-1970,BRM,0,22.58064516129032
8,Brabham Repco,10.0,1968,1958-1970,Repco,0,16.129032258064516
9,Matra,8.0,1968,1958-1970,Matra,0,12.903225806451612
10,Mclaren BRM,3.0,1968,1958-1970,BRM,0,4.838709677419355
1,Matra Ford,66.0,1969,1958-1970,Ford,1,100.0
2,Brabham Ford,49.0,1969,1958-1970,Ford,0,74.24242424242425
3,Lotus Ford,47.0,1969,1958-1970,Ford,0,71.21212121212122
4,McLaren Ford,38.0,1969,1958-1970,Ford,0,57.57575757575758
5,Ferrari,7.0,1969,1958-1970,Ferrari,0,10.606060606060606
6,BRM,7.0,1969,1958-1970,BRM,0,10.606060606060606
1,Lotus Ford,59.0,1970,1958-1970,Ford,1,100.0
2,Ferrari,52.0,1970,1958-1970,Ferrari,0,88.13559322033898
3,March Ford,48.0,1970,1958-1970,Ford,0,81.35593220338984
4,Brabham Ford,35.0,1970,1958-1970,Ford,0,59.32203389830508
5,McLaren Ford,35.0,1970,1958-1970,Ford,0,59.32203389830508
6,BRM,23.0,1970,1958-1970,BRM,0,38.983050847457626
7,Matra,23.0,1970,1958-1970,Matra,0,38.983050847457626
8,Surtees Ford,3.0,1970,1958-1970,Ford,0,5.084745762711865
1,Tyrrell Ford,73.0,1971,1971-1980,Ford,1,100.0
2,BRM,36.0,1971,1971-1980,BRM,0,49.31506849315068
3,Ferrari,33.0,1971,1971-1980,Ferrari,0,45.20547945205479
4,March Ford,33.0,1971,1971-1980,Ford,0,45.20547945205479
5,Lotus Ford,21.0,1971,1971-1980,Ford,0,28.767123287671232
6,McLaren Ford,10.0,1971,1971-1980,Ford,0,13.698630136986301
7,Matra,9.0,1971,1971-1980,Matra,0,12.32876712328767
8,Surtees Ford,8.0,1971,1971-1980,Ford,0,10.95890410958904
9,Brabham Ford,5.0,1971,1971-1980,Ford,0,6.8493150684931505
1,Lotus Ford,61.0,1972,1971-1980,Ford,1,100.0
2,Tyrrell Ford,51.0,1972,1971-1980,Ford,0,83.60655737704919
3,McLaren Ford,47.0,1972,1971-1980,Ford,0,77.04918032786885
4,Ferrari,33.0,1972,1971-1980,Ferrari,0,54.09836065573771
5,Surtees Ford,18.0,1972,1971-1980,Ford,0,29.508196721311474
6,March Ford,15.0,1972,1971-1980,Ford,0,24.59016393442623
7,BRM,14.0,1972,1971-1980,BRM,0,22.950819672131146
8,Matra,12.0,1972,1971-1980,Matra,0,19.672131147540984
9,Brabham Ford,7.0,1972,1971-1980,Ford,0,11.475409836065573
1,Lotus Ford,92.0,1973,1971-1980,Ford,1,100.0
2,Tyrrell Ford,82.0,1973,1971-1980,Ford,0,89.13043478260869
3,McLaren Ford,58.0,1973,1971-1980,Ford,0,63.04347826086957
4,Brabham Ford,22.0,1973,1971-1980,Ford,0,23.91304347826087
5,March Ford,14.0,1973,1971-1980,Ford,0,15.217391304347828
6,Ferrari,12.0,1973,1971-1980,Ferrari,0,13.043478260869565
7,BRM,12.0,1973,1971-1980,BRM,0,13.043478260869565
8,Shadow Ford,9.0,1973,1971-1980,Ford,0,9.782608695652174
9,Surtees Ford,7.0,1973,1971-1980,Ford,0,7.608695652173914
10,Iso Marlboro Ford,2.0,1973,1971-1980,Ford,0,2.1739130434782608
11,Tecno,1.0,1973,1971-1980,Tecno,0,1.0869565217391304
1,McLaren Ford,73.0,1974,1971-1980,Ford,1,100.0
2,Ferrari,65.0,1974,1971-1980,Ferrari,0,89.04109589041096
3,Tyrrell Ford,52.0,1974,1971-1980,Ford,0,71.23287671232876
4,Lotus Ford,42.0,1974,1971-1980,Ford,0,57.534246575342465
5,Brabham Ford,35.0,1974,1971-1980,Ford,0,47.94520547945205
6,Hesketh Ford,15.0,1974,1971-1980,Ford,0,20.54794520547945
7,BRM,10.0,1974,1971-1980,BRM,0,13.698630136986301
8,Shadow Ford,7.0,1974,1971-1980,Ford,0,9.58904109589041
9,March Ford,6.0,1974,1971-1980,Ford,0,8.21917808219178
10,Iso Marlboro Ford,4.0,1974,1971-1980,Ford,0,5.47945205479452
11,Surtees Ford,3.0,1974,1971-1980,Ford,0,4.10958904109589
12,Lola Ford,1.0,1974,1971-1980,Ford,0,1.36986301369863
1,Ferrari,72.0,1975,1971-1980,Ferrari,1,100.0
2,Brabham Ford,54.0,1975,1971-1980,Ford,0,75.0
3,McLaren Ford,53.0,1975,1971-1980,Ford,0,73.61111111111111
4,Hesketh Ford,33.0,1975,1971-1980,Ford,0,45.83333333333333
5,Tyrrell Ford,25.0,1975,1971-1980,Ford,0,34.72222222222222
6,Shadow Ford,9.0,1975,1971-1980,Ford,0,12.5
7,Lotus Ford,9.0,1975,1971-1980,Ford,0,12.5
8,March Ford,7.0,1975,1971-1980,Ford,0,9.722222222222223
9,Frank Williams Racing Cars/Williams,6.0,1975,1971-1980,Williams,0,8.333333333333332
10,Parnelli Ford,5.0,1975,1971-1980,Ford,0,6.944444444444445
11,Hill Ford,3.0,1975,1971-1980,Ford,0,4.166666666666666
12,Penske Ford,2.0,1975,1971-1980,Ford,0,2.7777777777777777
13,Ensign Ford,1.0,1975,1971-1980,Ford,0,1.3888888888888888
1,Ferrari,83.0,1976,1971-1980,Ferrari,1,100.0
2,McLaren Ford,74.0,1976,1971-1980,Ford,0,89.1566265060241
3,Tyrrell Ford,71.0,1976,1971-1980,Ford,0,85.54216867469879
4,Lotus Ford,29.0,1976,1971-1980,Ford,0,34.93975903614458
5,Penske Ford,20.0,1976,1971-1980,Ford,0,24.096385542168676
6,Ligier Matra,20.0,1976,1971-1980,Matra,0,24.096385542168676
7,March Ford,19.0,1976,1971-1980,Ford,0,22.89156626506024
8,Shadow Ford,10.0,1976,1971-1980,Ford,0,12.048192771084338
9,Brabham Alfa Romeo,9.0,1976,1971-1980,Romeo,0,10.843373493975903
10,Surtees Ford,7.0,1976,1971-1980,Ford,0,8.433734939759036
11,Fittipaldi Ford,3.0,1976,1971-1980,Ford,0,3.614457831325301
12,Ensign Ford,2.0,1976,1971-1980,Ford,0,2.4096385542168677
13,Parnelli Ford,1.0,1976,1971-1980,Ford,0,1.2048192771084338
1,Ferrari,95.0,1977,1971-1980,Ferrari,1,100.0
2,Lotus Ford,62.0,1977,1971-1980,Ford,0,65.26315789473685
3,McLaren Ford,60.0,1977,1971-1980,Ford,0,63.1578947368421
4,Wolf Ford,55.0,1977,1971-1980,Ford,0,57.89473684210527
5,Brabham Alfa Romeo,27.0,1977,1971-1980,Romeo,0,28.421052631578945
6,Tyrrell Ford,27.0,1977,1971-1980,Ford,0,28.421052631578945
7,Shadow Ford,23.0,1977,1971-1980,Ford,0,24.210526315789473
8,Ligier Matra,18.0,1977,1971-1980,Matra,0,18.947368421052634
9,Fittipaldi Ford,11.0,1977,1971-1980,Ford,0,11.578947368421053
10,Ensign Ford,10.0,1977,1971-1980,Ford,0,10.526315789473683
11,Surtees Ford,6.0,1977,1971-1980,Ford,0,6.315789473684211
12,Penske Ford,1.0,1977,1971-1980,Ford,0,1.0526315789473684
1,Lotus Ford,86.0,1978,1971-1980,Ford,1,100.0
2,Ferrari,58.0,1978,1971-1980,Ferrari,0,67.44186046511628
3,Brabham Alfa Romeo,53.0,1978,1971-1980,Romeo,0,61.627906976744185
4,Tyrrell Ford,38.0,1978,1971-1980,Ford,0,44.18604651162791
5,Wolf Ford,24.0,1978,1971-1980,Ford,0,27.906976744186046
6,Ligier Matra,19.0,1978,1971-1980,Matra,0,22.093023255813954
7,Fittipaldi Ford,17.0,1978,1971-1980,Ford,0,19.767441860465116
8,McLaren Ford,15.0,1978,1971-1980,Ford,0,17.441860465116278
9,Williams Ford,11.0,1978,1971-1980,Ford,0,12.790697674418606
10,Arrows Ford,11.0,1978,1971-1980,Ford,0,12.790697674418606
11,Shadow Ford,6.0,1978,1971-1980,Ford,0,6.976744186046512
12,Renault,3.0,1978,1971-1980,Renault,0,3.488372093023256
13,Surtees Ford,1.0,1978,1971-1980,Ford,0,1.1627906976744187
14,Ensign Ford,1.0,1978,1971-1980,Ford,0,1.1627906976744187
1,Ferrari,113.0,1979,1971-1980,Ferrari,1,100.0
2,Williams Ford,75.0,1979,1971-1980,Ford,0,66.3716814159292
3,Ligier Ford,61.0,1979,1971-1980,Ford,0,53.98230088495575
4,Lotus Ford,39.0,1979,1971-1980,Ford,0,34.51327433628318
5,Tyrrell Ford,28.0,1979,1971-1980,Ford,0,24.778761061946902
6,Renault,26.0,1979,1971-1980,Renault,0,23.008849557522122
7,McLaren Ford,15.0,1979,1971-1980,Ford,0,13.274336283185843
8,Brabham Ford,7.0,1979,1971-1980,Ford,0,6.1946902654867255
9,Arrows Ford,5.0,1979,1971-1980,Ford,0,4.424778761061947
10,Shadow Ford,3.0,1979,1971-1980,Ford,0,2.6548672566371683
11,ATS Ford,2.0,1979,1971-1980,Ford,0,1.7699115044247788
12,Fittipaldi Ford,1.0,1979,1971-1980,Ford,0,0.8849557522123894
1,Williams Ford,120.0,1980,1971-1980,Ford,1,100.0
2,Ligier Ford,66.0,1980,1971-1980,Ford,0,55.00000000000001
3,Brabham Ford,55.0,1980,1971-1980,Ford,0,45.83333333333333
4,Renault,38.0,1980,1971-1980,Renault,0,31.666666666666664
5,Lotus Ford,14.0,1980,1971-1980,Ford,0,11.666666666666666
6,Tyrrell Ford,12.0,1980,1971-1980,Ford,0,10.0
7,Arrows Ford,11.0,1980,1971-1980,Ford,0,9.166666666666666
8,Fittipaldi Ford,11.0,1980,1971-1980,Ford,0,9.166666666666666
9,McLaren Ford,11.0,1980,1971-1980,Ford,0,9.166666666666666
10,Ferrari,8.0,1980,1971-1980,Ferrari,0,6.666666666666667
11,Alfa Romeo,4.0,1980,1971-1980,Romeo,0,3.3333333333333335
1,Williams Ford,95.0,1981,1981-1990,Ford,1,100.0
2,Brabham Ford,61.0,1981,1981-1990,Ford,0,64.21052631578948
3,Renault,54.0,1981,1981-1990,Renault,0,56.84210526315789
4,Ligier Matra,44.0,1981,1981-1990,Matra,0,46.31578947368421
5,Ferrari,34.0,1981,1981-1990,Ferrari,0,35.78947368421053
6,McLaren Ford,28.0,1981,1981-1990,Ford,0,29.47368421052631
7,Lotus Ford,22.0,1981,1981-1990,Ford,0,23.157894736842106
8,Arrows Ford,10.0,1981,1981-1990,Ford,0,10.526315789473683
9,Alfa Romeo,10.0,1981,1981-1990,Romeo,0,10.526315789473683
10,Tyrrell Ford,10.0,1981,1981-1990,Ford,0,10.526315789473683
11,Ensign Ford,5.0,1981,1981-1990,Ford,0,5.263157894736842
12,Theodore Ford,1.0,1981,1981-1990,Ford,0,1.0526315789473684
13,ATS Ford,1.0,1981,1981-1990,Ford,0,1.0526315789473684
1,Ferrari,74.0,1982,1981-1990,Ferrari,1,100.0
2,McLaren Ford,69.0,1982,1981-1990,Ford,0,93.24324324324324
3,Renault,62.0,1982,1981-1990,Renault,0,83.78378378378379
4,Williams Ford,58.0,1982,1981-1990,Ford,0,78.37837837837837
5,Lotus Ford,30.0,1982,1981-1990,Ford,0,40.54054054054054
6,Tyrrell Ford,25.0,1982,1981-1990,Ford,0,33.78378378378378
7,Brabham BMW,22.0,1982,1981-1990,BMW,0,29.72972972972973
8,Ligier Matra,20.0,1982,1981-1990,Matra,0,27.027027027027028
9,Brabham Ford,19.0,1982,1981-1990,Ford,0,25.675675675675674
10,Alfa Romeo,7.0,1982,1981-1990,Romeo,0,9.45945945945946
11,Arrows Ford,5.0,1982,1981-1990,Ford,0,6.756756756756757
12,ATS Ford,4.0,1982,1981-1990,Ford,0,5.405405405405405
13,Osella Ford,3.0,1982,1981-1990,Ford,0,4.054054054054054
14,Fittipaldi Ford,1.0,1982,1981-1990,Ford,0,1.3513513513513513
1,Ferrari,89.0,1983,1981-1990,Ferrari,1,100.0
2,Renault,79.0,1983,1981-1990,Renault,0,88.76404494382022
3,Brabham BMW,72.0,1983,1981-1990,BMW,0,80.89887640449437
4,Williams Ford,36.0,1983,1981-1990,Ford,0,40.44943820224719
5,McLaren Ford,34.0,1983,1981-1990,Ford,0,38.20224719101123
6,Alfa Romeo,18.0,1983,1981-1990,Romeo,0,20.224719101123593
7,Tyrrell Ford,12.0,1983,1981-1990,Ford,0,13.48314606741573
8,Lotus Renault,11.0,1983,1981-1990,Renault,0,12.359550561797752
9,Toleman Hart,10.0,1983,1981-1990,Hart,0,11.235955056179774
10,Arrows Ford,4.0,1983,1981-1990,Ford,0,4.49438202247191
11,Williams Honda,2.0,1983,1981-1990,Honda,0,2.247191011235955
12,Theodore Ford,1.0,1983,1981-1990,Ford,0,1.1235955056179776
13,Lotus Ford,1.0,1983,1981-1990,Ford,0,1.1235955056179776
1,McLaren TAG,143.0,1984,1981-1990,TAG,1,100.0
2,Ferrari,57.0,1984,1981-1990,Ferrari,0,39.86013986013986
3,Lotus Renault,47.0,1984,1981-1990,Renault,0,32.86713286713287
4,Brabham BMW,38.0,1984,1981-1990,BMW,0,26.573426573426573
5,Renault,34.0,1984,1981-1990,Renault,0,23.776223776223777
6,Williams Honda,25.0,1984,1981-1990,Honda,0,17.482517482517483
7,Toleman Hart,16.0,1984,1981-1990,Hart,0,11.188811188811188
8,Alfa Romeo,11.0,1984,1981-1990,Romeo,0,7.6923076923076925
9,Arrows BMW,3.0,1984,1981-1990,BMW,0,2.097902097902098
10,Ligier Renault,3.0,1984,1981-1990,Renault,0,2.097902097902098
11,Arrows Ford,3.0,1984,1981-1990,Ford,0,2.097902097902098
12,Osella Alfa Romeo,2.0,1984,1981-1990,Romeo,0,1.3986013986013985
1,McLaren TAG,90.0,1985,1981-1990,TAG,1,100.0
2,Ferrari,82.0,1985,1981-1990,Ferrari,0,91.11111111111111
3,Lotus Renault,71.0,1985,1981-1990,Renault,0,78.88888888888889
4,Williams Honda,71.0,1985,1981-1990,Honda,0,78.88888888888889
5,Brabham BMW,26.0,1985,1981-1990,BMW,0,28.888888888888886
6,Ligier Renault,23.0,1985,1981-1990,Renault,0,25.555555555555554
7,Renault,16.0,1985,1981-1990,Renault,0,17.77777777777778
8,Arrows BMW,14.0,1985,1981-1990,BMW,0,15.555555555555555
9,Tyrrell Ford,4.0,1985,1981-1990,Ford,0,4.444444444444445
10,Tyrrell Renault,3.0,1985,1981-1990,Renault,0,3.3333333333333335
1,Williams Honda,141.0,1986,1981-1990,Honda,1,100.0
2,McLaren TAG,96.0,1986,1981-1990,TAG,0,68.08510638297872
3,Lotus Renault,58.0,1986,1981-1990,Renault,0,41.13475177304964
4,Ferrari,37.0,1986,1981-1990,Ferrari,0,26.24113475177305
5,Ligier Renault,29.0,1986,1981-1990,Renault,0,20.56737588652482
6,Benetton BMW,19.0,1986,1981-1990,BMW,0,13.47517730496454
7,Tyrrell Renault,11.0,1986,1981-1990,Renault,0,7.801418439716312
8,Lola Ford,6.0,1986,1981-1990,Ford,0,4.25531914893617
9,Brabham BMW,2.0,1986,1981-1990,BMW,0,1.4184397163120568
10,Arrows BMW,1.0,1986,1981-1990,BMW,0,0.7092198581560284
1,Williams Honda,137.0,1987,1981-1990,Honda,1,100.0
2,McLaren TAG,76.0,1987,1981-1990,TAG,0,55.47445255474452
3,Lotus Honda,64.0,1987,1981-1990,Honda,0,46.715328467153284
4,Ferrari,53.0,1987,1981-1990,Ferrari,0,38.68613138686132
5,Benetton Ford,28.0,1987,1981-1990,Ford,0,20.437956204379564
6,Tyrrell Ford,11.0,1987,1981-1990,Ford,0,8.02919708029197
7,Arrows Megatron,11.0,1987,1981-1990,Megatron,0,8.02919708029197
8,Brabham BMW,10.0,1987,1981-1990,BMW,0,7.2992700729927
9,Lola Ford,3.0,1987,1981-1990,Ford,0,2.18978102189781
10,Zakspeed,2.0,1987,1981-1990,Zakspeed,0,1.4598540145985401
11,March Ford,1.0,1987,1981-1990,Ford,0,0.7299270072992701
12,Ligier Megatron,1.0,1987,1981-1990,Megatron,0,0.7299270072992701
13,AGS Ford,1.0,1987,1981-1990,Ford,0,0.7299270072992701
1,McLaren Honda,199.0,1988,1981-1990,Honda,1,100.0
2,Ferrari,65.0,1988,1981-1990,Ferrari,0,32.663316582914575
3,Benetton Ford,39.0,1988,1981-1990,Ford,0,19.597989949748744
4,Arrows Megatron,23.0,1988,1981-1990,Megatron,0,11.557788944723619
5,Lotus Honda,23.0,1988,1981-1990,Honda,0,11.557788944723619
6,March Judd,22.0,1988,1981-1990,Judd,0,11.055276381909549
7,Williams Judd,20.0,1988,1981-1990,Judd,0,10.050251256281408
8,Tyrrell Ford,5.0,1988,1981-1990,Ford,0,2.512562814070352
9,Rial Ford,3.0,1988,1981-1990,Ford,0,1.507537688442211
10,Minardi Ford,1.0,1988,1981-1990,Ford,0,0.5025125628140703
1,McLaren Honda,141.0,1989,1981-1990,Honda,1,100.0
2,Williams Renault,77.0,1989,1981-1990,Renault,0,54.60992907801418
3,Ferrari,59.0,1989,1981-1990,Ferrari,0,41.843971631205676
4,Benetton Ford,39.0,1989,1981-1990,Ford,0,27.659574468085108
5,Tyrrell Ford,16.0,1989,1981-1990,Ford,0,11.347517730496454
6,Lotus Judd,15.0,1989,1981-1990,Judd,0,10.638297872340425
7,Arrows Ford,13.0,1989,1981-1990,Ford,0,9.219858156028367
8,Dallara Ford,8.0,1989,1981-1990,Ford,0,5.673758865248227
9,Brabham Judd,8.0,1989,1981-1990,Judd,0,5.673758865248227
10,Onyx Ford,6.0,1989,1981-1990,Ford,0,4.25531914893617
11,Minardi Ford,6.0,1989,1981-1990,Ford,0,4.25531914893617
12,March Judd,4.0,1989,1981-1990,Judd,0,2.8368794326241136
13,Rial Ford,3.0,1989,1981-1990,Ford,0,2.127659574468085
14,Ligier Ford,3.0,1989,1981-1990,Ford,0,2.127659574468085
15,AGS Ford,1.0,1989,1981-1990,Ford,0,0.7092198581560284
16,Lola Lamborghini,1.0,1989,1981-1990,Lamborghini,0,0.7092198581560284
1,McLaren Honda,121.0,1990,1981-1990,Honda,1,100.0
2,Ferrari,110.0,1990,1981-1990,Ferrari,0,90.9090909090909
3,Benetton Ford,71.0,1990,1981-1990,Ford,0,58.67768595041323
4,Williams Renault,57.0,1990,1981-1990,Renault,0,47.107438016528924
5,Tyrrell Ford,16.0,1990,1981-1990,Ford,0,13.223140495867769
6,Lola Lamborghini,11.0,1990,1981-1990,Lamborghini,0,9.090909090909092
7,Leyton House Judd,7.0,1990,1981-1990,Judd,0,5.785123966942149
8,Lotus Lamborghini,3.0,1990,1981-1990,Lamborghini,0,2.479338842975207
9,Arrows Ford,2.0,1990,1981-1990,Ford,0,1.6528925619834711
10,Brabham Judd,2.0,1990,1981-1990,Judd,0,1.6528925619834711
1,McLaren Honda,139.0,1991,1991-2000,Honda,1,100.0
2,Williams Renault,125.0,1991,1991-2000,Renault,0,89.92805755395683
3,Ferrari,55.0,1991,1991-2000,Ferrari,0,39.568345323741006
4,Benetton Ford,38.0,1991,1991-2000,Ford,0,27.33812949640288
5,Jordan Ford,13.0,1991,1991-2000,Ford,0,9.352517985611511
6,Tyrrell Honda,12.0,1991,1991-2000,Honda,0,8.633093525179856
7,Minardi Ferrari,6.0,1991,1991-2000,Ferrari,0,4.316546762589928
8,Dallara Judd,5.0,1991,1991-2000,Judd,0,3.597122302158273
9,Lotus Judd,3.0,1991,1991-2000,Judd,0,2.158273381294964
10,Brabham Yamaha,3.0,1991,1991-2000,Yamaha,0,2.158273381294964
11,Lola Ford,2.0,1991,1991-2000,Ford,0,1.4388489208633095
12,Leyton House Ilmor,1.0,1991,1991-2000,Ilmor,0,0.7194244604316548
1,Williams Renault,164.0,1992,1991-2000,Renault,1,100.0
2,McLaren Honda,99.0,1992,1991-2000,Honda,0,60.36585365853659
3,Benetton Ford,91.0,1992,1991-2000,Ford,0,55.487804878048784
4,Ferrari,21.0,1992,1991-2000,Ferrari,0,12.804878048780488
5,Lotus Ford,13.0,1992,1991-2000,Ford,0,7.926829268292683
6,Tyrrell Ilmor,8.0,1992,1991-2000,Ilmor,0,4.878048780487805
7,Footwork Mugen Honda,6.0,1992,1991-2000,Honda,0,3.6585365853658534
8,Ligier Renault,6.0,1992,1991-2000,Renault,0,3.6585365853658534
9,March Ilmor,3.0,1992,1991-2000,Ilmor,0,1.8292682926829267
10,Dallara Ferrari,2.0,1992,1991-2000,Ferrari,0,1.2195121951219512
11,Jordan Yamaha,1.0,1992,1991-2000,Yamaha,0,0.6097560975609756
12,Minardi Lamborghini,1.0,1992,1991-2000,Lamborghini,0,0.6097560975609756
13,Venturi Lamborghini,1.0,1992,1991-2000,Lamborghini,0,0.6097560975609756
1,Williams Renault,168.0,1993,1991-2000,Renault,1,100.0
2,McLaren Ford,84.0,1993,1991-2000,Ford,0,50.0
3,Benetton Ford,72.0,1993,1991-2000,Ford,0,42.857142857142854
4,Ferrari,28.0,1993,1991-2000,Ferrari,0,16.666666666666664
5,Ligier Renault,23.0,1993,1991-2000,Renault,0,13.690476190476192
6,Lotus Ford,12.0,1993,1991-2000,Ford,0,7.142857142857142
7,Sauber,12.0,1993,1991-2000,Sauber,0,7.142857142857142
8,Minardi Ford,7.0,1993,1991-2000,Ford,0,4.166666666666666
9,Footwork Mugen Honda,4.0,1993,1991-2000,Honda,0,2.380952380952381
10,Larrousse Lamborghini,3.0,1993,1991-2000,Lamborghini,0,1.7857142857142856
11,Jordan Hart,3.0,1993,1991-2000,Hart,0,1.7857142857142856
1,Williams Renault,118.0,1994,1991-2000,Renault,1,100.0
2,Benetton Ford,103.0,1994,1991-2000,Ford,0,87.28813559322035
3,Ferrari,71.0,1994,1991-2000,Ferrari,0,60.16949152542372
4,McLaren Peugeot,42.0,1994,1991-2000,Peugeot,0,35.59322033898305
5,Jordan Hart,28.0,1994,1991-2000,Hart,0,23.728813559322035
6,Ligier Renault,13.0,1994,1991-2000,Renault,0,11.016949152542372
7,Tyrrell Yamaha,13.0,1994,1991-2000,Yamaha,0,11.016949152542372
8,Sauber Mercedes,12.0,1994,1991-2000,Mercedes,0,10.16949152542373
9,Footwork Ford,9.0,1994,1991-2000,Ford,0,7.627118644067797
10,Minardi Ford,5.0,1994,1991-2000,Ford,0,4.23728813559322
11,Larrousse Ford,2.0,1994,1991-2000,Ford,0,1.694915254237288
1,Benetton Renault,137.0,1995,1991-2000,Renault,1,100.0
2,Williams Renault,112.0,1995,1991-2000,Renault,0,81.75182481751825
3,Ferrari,73.0,1995,1991-2000,Ferrari,0,53.284671532846716
4,McLaren Mercedes,30.0,1995,1991-2000,Mercedes,0,21.897810218978105
5,Ligier Mugen Honda,24.0,1995,1991-2000,Honda,0,17.51824817518248
6,Jordan Peugeot,21.0,1995,1991-2000,Peugeot,0,15.328467153284672
7,Sauber Ford,18.0,1995,1991-2000,Ford,0,13.138686131386862
8,Footwork Hart,5.0,1995,1991-2000,Hart,0,3.64963503649635
9,Tyrrell Yamaha,5.0,1995,1991-2000,Yamaha,0,3.64963503649635
10,Minardi Ford,1.0,1995,1991-2000,Ford,0,0.7299270072992701
1,Williams Renault,175.0,1996,1991-2000,Renault,1,100.0
2,Ferrari,70.0,1996,1991-2000,Ferrari,0,40.0
3,Benetton Renault,68.0,1996,1991-2000,Renault,0,38.857142857142854
4,McLaren Mercedes,49.0,1996,1991-2000,Mercedes,0,28.000000000000004
5,Jordan Peugeot,22.0,1996,1991-2000,Peugeot,0,12.571428571428573
6,Ligier Mugen Honda,15.0,1996,1991-2000,Honda,0,8.571428571428571
7,Sauber Ford,11.0,1996,1991-2000,Ford,0,6.2857142857142865
8,Tyrrell Yamaha,5.0,1996,1991-2000,Yamaha,0,2.857142857142857
9,Footwork Hart,1.0,1996,1991-2000,Hart,0,0.5714285714285714
1,Williams Renault,123.0,1997,1991-2000,Renault,1,100.0
2,Ferrari,102.0,1997,1991-2000,Ferrari,0,82.92682926829268
3,Benetton Renault,67.0,1997,1991-2000,Renault,0,54.47154471544715
4,McLaren Mercedes,63.0,1997,1991-2000,Mercedes,0,51.21951219512195
5,Jordan Peugeot,33.0,1997,1991-2000,Peugeot,0,26.82926829268293
6,Prost Mugen Honda,21.0,1997,1991-2000,Honda,0,17.073170731707318
7,Sauber Petronas,16.0,1997,1991-2000,Petronas,0,13.008130081300814
8,Arrows Yamaha,9.0,1997,1991-2000,Yamaha,0,7.317073170731707
9,Stewart Ford,6.0,1997,1991-2000,Ford,0,4.878048780487805
10,Tyrrell Ford,2.0,1997,1991-2000,Ford,0,1.6260162601626018
1,McLaren Mercedes,156.0,1998,1991-2000,Mercedes,1,100.0
2,Ferrari,133.0,1998,1991-2000,Ferrari,0,85.25641025641025
3,Williams Mecachrome,38.0,1998,1991-2000,Mecachrome,0,24.358974358974358
4,Jordan Mugen Honda,34.0,1998,1991-2000,Honda,0,21.794871794871796
5,Benetton Playlife,33.0,1998,1991-2000,Playlife,0,21.153846153846153
6,Sauber Petronas,10.0,1998,1991-2000,Petronas,0,6.41025641025641
7,Arrows,6.0,1998,1991-2000,Arrows,0,3.8461538461538463
8,Stewart Ford,5.0,1998,1991-2000,Ford,0,3.205128205128205
9,Prost Peugeot,1.0,1998,1991-2000,Peugeot,0,0.641025641025641
1,Ferrari,128.0,1999,1991-2000,Ferrari,1,100.0
2,McLaren Mercedes,124.0,1999,1991-2000,Mercedes,0,96.875
3,Jordan Mugen Honda,61.0,1999,1991-2000,Honda,0,47.65625
4,Stewart Ford,36.0,1999,1991-2000,Ford,0,28.125
5,Williams Supertec,35.0,1999,1991-2000,Supertec,0,27.34375
6,Benetton Playlife,16.0,1999,1991-2000,Playlife,0,12.5
7,Prost Peugeot,9.0,1999,1991-2000,Peugeot,0,7.03125
8,Sauber Petronas,5.0,1999,1991-2000,Petronas,0,3.90625
9,Minardi Ford,1.0,1999,1991-2000,Ford,0,0.78125
10,Arrows,1.0,1999,1991-2000,Arrows,0,0.78125
1,Ferrari,170.0,2000,1991-2000,Ferrari,1,100.0
2,McLaren Mercedes,152.0,2000,1991-2000,Mercedes,0,89.41176470588236
3,Williams BMW,36.0,2000,1991-2000,BMW,0,21.176470588235293
4,Benetton Playlife,20.0,2000,1991-2000,Playlife,0,11.76470588235294
5,BAR Honda,20.0,2000,1991-2000,Honda,0,11.76470588235294
6,Jordan Mugen Honda,17.0,2000,1991-2000,Honda,0,10.0
7,Arrows Supertec,7.0,2000,1991-2000,Supertec,0,4.117647058823529
8,Sauber Petronas,6.0,2000,1991-2000,Petronas,0,3.5294117647058822
9,Jaguar Cosworth,4.0,2000,1991-2000,Cosworth,0,2.3529411764705883
1,Ferrari,179.0,2001,2001-2010,Ferrari,1,100.0
2,McLaren Mercedes,102.0,2001,2001-2010,Mercedes,0,56.98324022346368
3,Williams BMW,80.0,2001,2001-2010,BMW,0,44.6927374301676
4,Sauber Petronas,21.0,2001,2001-2010,Petronas,0,11.731843575418994
5,Jordan Honda,19.0,2001,2001-2010,Honda,0,10.614525139664805
6,BAR Honda,17.0,2001,2001-2010,Honda,0,9.497206703910614
7,Benetton Renault,10.0,2001,2001-2010,Renault,0,5.58659217877095
8,Jaguar Cosworth,9.0,2001,2001-2010,Cosworth,0,5.027932960893855
9,Prost Acer,4.0,2001,2001-2010,Acer,0,2.2346368715083798
10,Arrows Asiatech,1.0,2001,2001-2010,Asiatech,0,0.5586592178770949
1,Ferrari,221.0,2002,2001-2010,Ferrari,1,100.0
2,Williams BMW,92.0,2002,2001-2010,BMW,0,41.6289592760181
3,McLaren Mercedes,65.0,2002,2001-2010,Mercedes,0,29.411764705882355
4,Renault,23.0,2002,2001-2010,Renault,0,10.407239819004525
5,Sauber Petronas,11.0,2002,2001-2010,Petronas,0,4.97737556561086
6,Jordan Honda,9.0,2002,2001-2010,Honda,0,4.072398190045249
7,Jaguar Cosworth,8.0,2002,2001-2010,Cosworth,0,3.619909502262444
8,BAR Honda,7.0,2002,2001-2010,Honda,0,3.167420814479638
9,Minardi Asiatech,2.0,2002,2001-2010,Asiatech,0,0.904977375565611
10,Toyota,2.0,2002,2001-2010,Toyota,0,0.904977375565611
11,Arrows Cosworth,2.0,2002,2001-2010,Cosworth,0,0.904977375565611
1,Ferrari,158.0,2003,2001-2010,Ferrari,1,100.0
2,Williams BMW,144.0,2003,2001-2010,BMW,0,91.13924050632912
3,McLaren Mercedes,142.0,2003,2001-2010,Mercedes,0,89.87341772151899
4,Renault,88.0,2003,2001-2010,Renault,0,55.69620253164557
5,BAR Honda,26.0,2003,2001-2010,Honda,0,16.455696202531644
6,Sauber Petronas,19.0,2003,2001-2010,Petronas,0,12.025316455696203
7,Jaguar Cosworth,18.0,2003,2001-2010,Cosworth,0,11.39240506329114
8,Toyota,16.0,2003,2001-2010,Toyota,0,10.126582278481013
9,Jordan Ford,13.0,2003,2001-2010,Ford,0,8.227848101265822
10,Minardi Cosworth,0.0,2003,2001-2010,Cosworth,0,0.0
1,Ferrari,262.0,2004,2001-2010,Ferrari,1,100.0
2,BAR Honda,119.0,2004,2001-2010,Honda,0,45.41984732824427
3,Renault,105.0,2004,2001-2010,Renault,0,40.0763358778626
4,Williams BMW,88.0,2004,2001-2010,BMW,0,33.587786259541986
5,McLaren Mercedes,69.0,2004,2001-2010,Mercedes,0,26.33587786259542
6,Sauber Petronas,34.0,2004,2001-2010,Petronas,0,12.977099236641221
7,Jaguar Cosworth,10.0,2004,2001-2010,Cosworth,0,3.816793893129771
8,Toyota,9.0,2004,2001-2010,Toyota,0,3.435114503816794
9,Jordan Ford,5.0,2004,2001-2010,Ford,0,1.9083969465648856
10,Minardi Cosworth,1.0,2004,2001-2010,Cosworth,0,0.38167938931297707
1,Renault,191.0,2005,2001-2010,Renault,1,100.0
2,McLaren Mercedes,182.0,2005,2001-2010,Mercedes,0,95.28795811518324
3,Ferrari,100.0,2005,2001-2010,Ferrari,0,52.35602094240838
4,Toyota,88.0,2005,2001-2010,Toyota,0,46.07329842931937
5,Williams BMW,66.0,2005,2001-2010,BMW,0,34.55497382198953
6,BAR Honda,38.0,2005,2001-2010,Honda,0,19.895287958115183
7,RBR Cosworth,34.0,2005,2001-2010,Cosworth,0,17.801047120418847
8,Sauber Petronas,20.0,2005,2001-2010,Petronas,0,10.471204188481675
9,Jordan Toyota,12.0,2005,2001-2010,Toyota,0,6.282722513089005
10,Minardi Cosworth,7.0,2005,2001-2010,Cosworth,0,3.664921465968586
1,Renault,206.0,2006,2001-2010,Renault,1,100.0
2,Ferrari,201.0,2006,2001-2010,Ferrari,0,97.57281553398059
3,McLaren Mercedes,110.0,2006,2001-2010,Mercedes,0,53.398058252427184
4,Honda,86.0,2006,2001-2010,Honda,0,41.74757281553398
5,Sauber BMW,36.0,2006,2001-2010,BMW,0,17.475728155339805
6,Toyota,35.0,2006,2001-2010,Toyota,0,16.990291262135923
7,RBR Ferrari,16.0,2006,2001-2010,Ferrari,0,7.766990291262135
8,Williams Cosworth,11.0,2006,2001-2010,Cosworth,0,5.339805825242718
9,STR Cosworth,1.0,2006,2001-2010,Cosworth,0,0.48543689320388345
10,MF1 Toyota,0.0,2006,2001-2010,Toyota,0,0.0
11,Super Aguri Honda,0.0,2006,2001-2010,Honda,0,0.0
1,Ferrari,204.0,2007,2001-2010,Ferrari,1,100.0
2,Sauber BMW,101.0,2007,2001-2010,BMW,0,49.50980392156863
3,Renault,51.0,2007,2001-2010,Renault,0,25.0
4,Williams Toyota,33.0,2007,2001-2010,Toyota,0,16.176470588235293
5,Red Bull Renault,24.0,2007,2001-2010,Renault,0,11.76470588235294
6,Toyota,13.0,2007,2001-2010,Toyota,0,6.372549019607843
7,STR Ferrari,8.0,2007,2001-2010,Ferrari,0,3.9215686274509802
8,Honda,6.0,2007,2001-2010,Honda,0,2.941176470588235
9,Super Aguri Honda,4.0,2007,2001-2010,Honda,0,1.9607843137254901
10,Spyker Ferrari,1.0,2007,2001-2010,Ferrari,0,0.49019607843137253
20,McLaren Mercedes,0.0,2007,2001-2010,Mercedes,0,0.0
1,Ferrari,172.0,2008,2001-2010,Ferrari,1,100.0
2,McLaren Mercedes,151.0,2008,2001-2010,Mercedes,0,87.79069767441861
3,Sauber BMW,135.0,2008,2001-2010,BMW,0,78.48837209302324
4,Renault,80.0,2008,2001-2010,Renault,0,46.51162790697674
5,Toyota,56.0,2008,2001-2010,Toyota,0,32.55813953488372
6,STR Ferrari,39.0,2008,2001-2010,Ferrari,0,22.674418604651162
7,Red Bull Renault,29.0,2008,2001-2010,Renault,0,16.86046511627907
8,Williams Toyota,26.0,2008,2001-2010,Toyota,0,15.11627906976744
9,Honda,14.0,2008,2001-2010,Honda,0,8.13953488372093
10,Force India Ferrari,0.0,2008,2001-2010,Ferrari,0,0.0
11,Super Aguri Honda,0.0,2008,2001-2010,Honda,0,0.0
1,Brawn Mercedes,172.0,2009,2001-2010,Mercedes,1,100.0
2,RBR Renault,153.0,2009,2001-2010,Renault,0,88.95348837209302
3,McLaren Mercedes,71.0,2009,2001-2010,Mercedes,0,41.27906976744186
4,Ferrari,70.0,2009,2001-2010,Ferrari,0,40.69767441860465
5,Toyota,59.0,2009,2001-2010,Toyota,0,34.30232558139535
6,Sauber BMW,36.0,2009,2001-2010,BMW,0,20.930232558139537
7,Williams Toyota,34.0,2009,2001-2010,Toyota,0,19.767441860465116
8,Renault,26.0,2009,2001-2010,Renault,0,15.11627906976744
9,Force India Mercedes,13.0,2009,2001-2010,Mercedes,0,7.55813953488372
10,STR Ferrari,8.0,2009,2001-2010,Ferrari,0,4.651162790697675
1,RBR Renault,498.0,2010,2001-2010,Renault,1,100.0
2,McLaren Mercedes,454.0,2010,2001-2010,Mercedes,0,91.16465863453816
3,Ferrari,396.0,2010,2001-2010,Ferrari,0,79.51807228915662
4,Mercedes,214.0,2010,2001-2010,Mercedes,0,42.971887550200805
5,Renault,163.0,2010,2001-2010,Renault,0,32.730923694779115
6,Williams Cosworth,69.0,2010,2001-2010,Cosworth,0,13.855421686746988
7,Force India Mercedes,68.0,2010,2001-2010,Mercedes,0,13.654618473895583
8,Sauber Ferrari,44.0,2010,2001-2010,Ferrari,0,8.835341365461847
9,STR Ferrari,13.0,2010,2001-2010,Ferrari,0,2.610441767068273
10,Lotus Cosworth,0.0,2010,2001-2010,Cosworth,0,0.0
11,HRT Cosworth,0.0,2010,2001-2010,Cosworth,0,0.0
12,Virgin Cosworth,0.0,2010,2001-2010,Cosworth,0,0.0
1,Red Bull Racing Renault,650.0,2011,2011-2020,Renault,1,100.0
2,McLaren Mercedes,497.0,2011,2011-2020,Mercedes,0,76.46153846153845
3,Ferrari,375.0,2011,2011-2020,Ferrari,0,57.692307692307686
4,Mercedes,165.0,2011,2011-2020,Mercedes,0,25.384615384615383
5,Renault,73.0,2011,2011-2020,Renault,0,11.23076923076923
6,Force India Mercedes,69.0,2011,2011-2020,Mercedes,0,10.615384615384615
7,Sauber Ferrari,44.0,2011,2011-2020,Ferrari,0,6.769230769230769
8,STR Ferrari,41.0,2011,2011-2020,Ferrari,0,6.3076923076923075
9,Williams Cosworth,5.0,2011,2011-2020,Cosworth,0,0.7692307692307693
10,Lotus Renault,0.0,2011,2011-2020,Renault,0,0.0
11,HRT Cosworth,0.0,2011,2011-2020,Cosworth,0,0.0
12,Virgin Cosworth,0.0,2011,2011-2020,Cosworth,0,0.0
1,Red Bull Racing Renault,460.0,2012,2011-2020,Renault,1,100.0
2,Ferrari,400.0,2012,2011-2020,Ferrari,0,86.95652173913044
3,McLaren Mercedes,378.0,2012,2011-2020,Mercedes,0,82.17391304347827
4,Lotus Renault,303.0,2012,2011-2020,Renault,0,65.8695652173913
5,Mercedes,142.0,2012,2011-2020,Mercedes,0,30.869565217391305
6,Sauber Ferrari,126.0,2012,2011-2020,Ferrari,0,27.391304347826086
7,Force India Mercedes,109.0,2012,2011-2020,Mercedes,0,23.695652173913043
8,Williams Renault,76.0,2012,2011-2020,Renault,0,16.52173913043478
9,STR Ferrari,26.0,2012,2011-2020,Ferrari,0,5.6521739130434785
10,Caterham Renault,0.0,2012,2011-2020,Renault,0,0.0
11,Marussia Cosworth,0.0,2012,2011-2020,Cosworth,0,0.0
12,HRT Cosworth,0.0,2012,2011-2020,Cosworth,0,0.0
1,Red Bull Racing Renault,596.0,2013,2011-2020,Renault,1,100.0
2,Mercedes,360.0,2013,2011-2020,Mercedes,0,60.40268456375839
3,Ferrari,354.0,2013,2011-2020,Ferrari,0,59.395973154362416
4,Lotus Renault,315.0,2013,2011-2020,Renault,0,52.85234899328859
5,McLaren Mercedes,122.0,2013,2011-2020,Mercedes,0,20.469798657718123
6,Force India Mercedes,77.0,2013,2011-2020,Mercedes,0,12.919463087248323
7,Sauber Ferrari,57.0,2013,2011-2020,Ferrari,0,9.563758389261745
8,STR Ferrari,33.0,2013,2011-2020,Ferrari,0,5.5369127516778525
9,Williams Renault,5.0,2013,2011-2020,Renault,0,0.8389261744966443
10,Marussia Cosworth,0.0,2013,2011-2020,Cosworth,0,0.0
11,Caterham Renault,0.0,2013,2011-2020,Renault,0,0.0
1,Mercedes,701.0,2014,2011-2020,Mercedes,1,100.0
2,Red Bull Racing Renault,405.0,2014,2011-2020,Renault,0,57.77460770328102
3,Williams Mercedes,320.0,2014,2011-2020,Mercedes,0,45.6490727532097
4,Ferrari,216.0,2014,2011-2020,Ferrari,0,30.813124108416545
5,McLaren Mercedes,181.0,2014,2011-2020,Mercedes,0,25.82025677603424
6,Force India Mercedes,155.0,2014,2011-2020,Mercedes,0,22.111269614835948
7,STR Renault,30.0,2014,2011-2020,Renault,0,4.279600570613409
8,Lotus Renault,10.0,2014,2011-2020,Renault,0,1.4265335235378032
9,Marussia Ferrari,2.0,2014,2011-2020,Ferrari,0,0.28530670470756064
10,Sauber Ferrari,0.0,2014,2011-2020,Ferrari,0,0.0
11,Caterham Renault,0.0,2014,2011-2020,Renault,0,0.0
1,Mercedes,703.0,2015,2011-2020,Mercedes,1,100.0
2,Ferrari,428.0,2015,2011-2020,Ferrari,0,60.88193456614509
3,Williams Mercedes,257.0,2015,2011-2020,Mercedes,0,36.55761024182077
4,Red Bull Racing Renault,187.0,2015,2011-2020,Renault,0,26.600284495021338
5,Force India Mercedes,136.0,2015,2011-2020,Mercedes,0,19.34566145092461
6,Lotus Mercedes,78.0,2015,2011-2020,Mercedes,0,11.095305832147938
7,STR Renault,67.0,2015,2011-2020,Renault,0,9.53058321479374
8,Sauber Ferrari,36.0,2015,2011-2020,Ferrari,0,5.120910384068279
9,McLaren Honda,27.0,2015,2011-2020,Honda,0,3.8406827880512093
10,Marussia Ferrari,0.0,2015,2011-2020,Ferrari,0,0.0
1,Mercedes,765.0,2016,2011-2020,Mercedes,1,100.0
2,Red Bull Racing TAG Heuer,468.0,2016,2011-2020,Heuer,0,61.1764705882353
3,Ferrari,398.0,2016,2011-2020,Ferrari,0,52.02614379084968
4,Force India Mercedes,173.0,2016,2011-2020,Mercedes,0,22.61437908496732
5,Williams Mercedes,138.0,2016,2011-2020,Mercedes,0,18.03921568627451
6,McLaren Honda,76.0,2016,2011-2020,Honda,0,9.934640522875817
7,Toro Rosso Ferrari,63.0,2016,2011-2020,Ferrari,0,8.235294117647058
8,Haas Ferrari,29.0,2016,2011-2020,Ferrari,0,3.7908496732026142
9,Renault,8.0,2016,2011-2020,Renault,0,1.045751633986928
10,Sauber Ferrari,2.0,2016,2011-2020,Ferrari,0,0.261437908496732
11,MRT Mercedes,1.0,2016,2011-2020,Mercedes,0,0.130718954248366
1,Mercedes,668.0,2017,2011-2020,Mercedes,1,100.0
2,Ferrari,522.0,2017,2011-2020,Ferrari,0,78.1437125748503
3,Red Bull Racing TAG Heuer,368.0,2017,2011-2020,Heuer,0,55.08982035928144
4,Force India Mercedes,187.0,2017,2011-2020,Mercedes,0,27.994011976047904
5,Williams Mercedes,83.0,2017,2011-2020,Mercedes,0,12.425149700598801
6,Renault,57.0,2017,2011-2020,Renault,0,8.532934131736528
7,Toro Rosso,53.0,2017,2011-2020,Rosso,0,7.934131736526946
8,Haas Ferrari,47.0,2017,2011-2020,Ferrari,0,7.0359281437125745
9,McLaren Honda,30.0,2017,2011-2020,Honda,0,4.491017964071856
10,Sauber Ferrari,5.0,2017,2011-2020,Ferrari,0,0.7485029940119761
1,Mercedes,655.0,2018,2011-2020,Mercedes,1,100.0
2,Ferrari,571.0,2018,2011-2020,Ferrari,0,87.17557251908397
3,Red Bull Racing TAG Heuer,419.0,2018,2011-2020,Heuer,0,63.969465648854964
4,Renault,122.0,2018,2011-2020,Renault,0,18.62595419847328
5,Haas Ferrari,93.0,2018,2011-2020,Ferrari,0,14.198473282442748
6,McLaren Renault,62.0,2018,2011-2020,Renault,0,9.465648854961833
7,Force India Mercedes,52.0,2018,2011-2020,Mercedes,0,7.938931297709924
8,Sauber Ferrari,48.0,2018,2011-2020,Ferrari,0,7.328244274809161
9,Scuderia Toro Rosso Honda,33.0,2018,2011-2020,Honda,0,5.038167938931298
10,Williams Mercedes,7.0,2018,2011-2020,Mercedes,0,1.0687022900763359
20,Force India Sahara,0.0,2018,2011-2020,Sahara,0,0.0
1,Mercedes,739.0,2019,2011-2020,Mercedes,1,100.0
2,Ferrari,504.0,2019,2011-2020,Ferrari,0,68.20027063599458
3,Red Bull Racing Honda,417.0,2019,2011-2020,Honda,0,56.4276048714479
4,McLaren Renault,145.0,2019,2011-2020,Renault,0,19.621109607577807
5,Renault,91.0,2019,2011-2020,Renault,0,12.313937753721245
6,Scuderia Toro Rosso Honda,85.0,2019,2011-2020,Honda,0,11.502029769959405
7,Racing Point BWT Mercedes,73.0,2019,2011-2020,Mercedes,0,9.878213802435724
8,Alfa Romeo Racing Ferrari,57.0,2019,2011-2020,Ferrari,0,7.7131258457374825
9,Haas Ferrari,28.0,2019,2011-2020,Ferrari,0,3.7889039242219216
10,Williams Mercedes,1.0,2019,2011-2020,Mercedes,0,0.13531799729364005
1,Mercedes,264.0,2020,2011-2020,Mercedes,1,100.0
2,Red Bull Racing Honda,158.0,2020,2011-2020,Honda,0,59.84848484848485
3,McLaren Renault,68.0,2020,2011-2020,Renault,0,25.757575757575758
4,Racing Point BWT Mercedes,66.0,2020,2011-2020,Mercedes,0,25.0
5,Ferrari,61.0,2020,2011-2020,Ferrari,0,23.106060606060606
6,Renault,59.0,2020,2011-2020,Renault,0,22.348484848484848
7,AlphaTauri Honda,20.0,2020,2011-2020,Honda,0,7.575757575757576
8,Alfa Romeo Racing Ferrari,2.0,2020,2011-2020,Ferrari,0,0.7575757575757576
9,Haas Ferrari,1.0,2020,2011-2020,Ferrari,0,0.3787878787878788
10,Williams Mercedes,0.0,2020,2011-2020,Mercedes,0,0.0
